Member ID,Practice Name,IRL,Legal Profile,Term Date,State,Country
1000,Garden State Hearing & Balance Center,4/1/2005,LLC,,New Jersey,USA
1001,Family Hearing,4/1/2005,LLC,,Colorado,USA
1002,First Coast Hearing Clinic,4/1/2005,S-corp,,Florida,USA
1003,Timko Hearing Care,4/1/2005,Sole Proprietor,,Florida,USA
1004,Columbia Basin Hearing Center,5/10/2005,LLC,7/31/2014,Washington,USA
1005,The Hearing Center of Lake Charles Inc.,4/15/2005,Unknown,7/17/2012,Louisiana,USA
1006,The Hearing Center,4/1/2005,Sole Proprietor,,California,USA
1007,Luebbe Hearing Services,6/11/2005,C-corp,,Ohio,USA
1008,Finger Lakes Hearing Center,5/16/2005,C-corp,,New York,USA
1009,Family Hearing Centers,4/1/2005,Unknown,1/1/2012,New Jersey,USA
1010,Audiology Hearing Care,5/26/2005,Unknown,2/29/2012,Indiana,USA
1011,Audiologic Services,11/8/2005,S-corp,6/21/2018,Illinois,USA
1012,Treasure Valley Hearing ,11/16/2005,S-corp,9/15/2017,Idaho,USA
1013,Hearing Center of Bucks County,10/22/2008,LLC,,Pennsylvania,USA
1014,Ear4U Hearing Centers 1,2/20/2009,Unknown,2/1/2009,Florida,USA
1015,Audiology Associates-Santa Rosa,9/17/2006,Sole Proprietor,12/29/2017,California,USA
1016,Audiology Associates,2/26/2006,Unknown,,Kentucky,USA
1017,"Reed Norwood, AuD",10/1/2005,Unknown,9/1/2011,Tennessee,USA
1019,Audicare Hearing Centers,2/23/2008,S-corp,,Michigan,USA
1020,The Hearing Aid Center,2/23/2008,Unknown,11/1/2011,Ohio,USA
1021,Hudson Hearing Clinic,4/3/2007,LLC,,Wisconsin,USA
1022,North State Audiological Services,1/19/2008,S-corp,,California,USA
1023,Stockton Hearing and Speech,4/30/2012,S-corp,11/8/2016,California,USA
1024,Parker Hearing Institute,9/16/2006,S-corp,7/22/2011,California,USA
1026,San Diego Hearing Center,12/12/2005,S-corp,8/21/2012,California,USA
1027,Pacific Hearing,2/4/2008,S-corp,,California,USA
1028,Pine River Corporation,4/18/2008,C-corp,3/18/2014,California,USA
1029,Best Hearing San Diego,3/30/2016,Sole Proprietor,,California,USA
1030,Riverview Hearing and Speech,1/28/2009,Sole Proprietor,,California,USA
1031,West Valley Hearing Center,1/24/2009,S-corp,4/1/2017,California,USA
1032,Eastpoint Audiology,3/4/2016,LLC,,Kentucky,USA
1033,Audiology Associates,6/5/2006,Unknown,11/8/2017,Louisiana,USA
1034,"Fire Audiological Services, PC",2/16/2009,Unknown,11/1/2010,North Dakota,USA
1035,Bluegrass Hearing Clinic,6/28/2008,Unknown,3/4/2015,Kentucky,USA
1036,Hearing & Speech Center,9/17/2006,Unknown,,Minnesota,USA
1037,Bookcliff Family Hearing Center,2/17/2009,Unknown,11/1/2010,Colorado,USA
1039,Chesapeake Hearing Centers,2/27/2006,S-corp,,Maryland,USA
1040,Central Oregon Audiology,1/12/2006,S-corp,12/31/2014,Oregon,USA
1041,Vibrant Hearing,4/17/2009,S-corp,,Montana,USA
1042,Hug Center for Hearing,10/13/2007,Unknown,3/13/2013,Michigan,USA
1043,Hearing Services of Kentucky,3/5/2007,Unknown,,Kentucky,USA
1044,American Hearing Solutions,2/18/2009,Unknown,8/1/2010,Ohio,USA
1045,Mid America Audiology Group,9/17/2006,Unknown,3/29/2018,Illinois,USA
1046,SoCal Hearing and Balance,2/18/2009,Sole Proprietor,11/1/2009,California,USA
1047,Palo Alto Hearing Center,2/18/2009,Sole Proprietor,1/4/2012,California,USA
1048,"Dearborn Hearing Care, LLC",3/11/2008,Unknown,10/25/2011,Indiana,USA
1049,Audiology & Hearing Center,9/16/2006,Unknown,,Kentucky,USA
1050,Southeast KY Audiology,2/19/2009,S-corp,11/22/2013,Kentucky,USA
1051,HEARINC ,9/20/2006,Unknown,12/31/2014,Ohio,USA
1052,"Audiology Associates, Inc.",10/20/2008,Unknown,5/4/2016,South Dakota,USA
1053,Hearing Health Center,9/11/2006,C-corp,,Michigan,USA
1054,HearCare Audiology,7/26/2008,Unknown,11/1/2012,Indiana,USA
1055,West Michigan Hearing Services,2/23/2008,LLC,3/14/2016,Michigan,USA
1056,Professional Hearing Center,2/19/2009,Unknown,8/1/2010,North Dakota,USA
1057,Audiology Associates of Southern Oregon,1/24/2009,S-corp,,Oregon,USA
1058,Huston Hearing and Audiology,2/26/2010,S-corp,9/11/2012,Washington,USA
1059,"Audiology Clinic, Inc.",9/12/2006,S-corp,3/15/2017,Washington,USA
1060,Central Maine Audiology,10/18/2008,Unknown,,Maine,USA
1061,Advanced Hearing and Balance Care,3/26/2006,Unknown,7/15/2015,Pennsylvania,USA
1062,American Institute of Balance,7/18/2006,Unknown,,Florida,USA
1063,Coastal Hearing Centers,2/26/2006,S-corp,,North Carolina,USA
1063,Coastal Hearing Centers,2/26/2006,S-corp,,South Carolina,USA
1064,Amherst Audiological Services,10/4/2005,Sole Proprietor,,New York,USA
1065,The Hearing Place,2/20/2009,Unknown,2/1/2009,West Virginia,USA
1066,,2/20/2009,Unknown,5/1/2009,Maryland,USA
1067,Dunshaw Hearing Aid Center,8/10/2005,Sole Proprietor,,New York,USA
1068,Alliance Speech & Hearing,2/20/2009,LLC,,New Jersey,USA
1069,Medical Gardens Hearing Center,9/16/2006,S-corp,,Florida,USA
1070,Aaron's Hearing Care,5/19/2005,S-corp,9/30/2015,Florida,USA
1071,Hudson Valley Audiology Center,6/28/2008,Unknown,,New York,USA
1072,NorthWest Hearing and Speech Center,2/20/2009,Unknown,,Oregon,USA
1073,Hearing Assessment Center LLC,4/26/2008,LLC,,Maryland,USA
1074,West Coast Hearing Clinic,9/11/2006,S-corp,3/4/2015,Washington,USA
1075,Aurora Audiology & Speech Associates,8/4/2005,S-corp,,New York,USA
1076,Hearing Plus Audiology,2/24/2006,S-corp,,Georgia,USA
1077,"Audiologic Solutions, Inc (ASINC)",11/25/2005,Sole Proprietor,4/7/2014,New York,USA
1078,Manna Audiology,5/1/2008,LLC,,North Carolina,USA
1080,"Hearing Associates, Inc",3/22/2009,Sole Proprietor,,Minnesota,USA
1080,"Hearing Associates, Inc",3/22/2009,Sole Proprietor,,Wisconsin,USA
1082,Stanford Hearing Aids,3/13/2009,Unknown,1/9/2013,South Dakota,USA
1083,"Professional Hearing Services, Inc.",3/12/2009,Unknown,10/18/2013,South Dakota,USA
1084,Battle Creek Hearing Services,3/13/2009,Unknown,7/1/2009,Michigan,USA
1086,Anderson Audiology,3/16/2009,S-corp,6/15/2017,Nevada,USA
1087,Sound Advice Hearing,3/16/2009,Unknown,,Idaho,USA
1088,Montezuma Hearing Clinic,7/14/2007,S-corp,,Utah,USA
1088,Montezuma Hearing Clinic,7/14/2007,S-corp,,Colorado,USA
1089,Advanced Hearing and Balance Specialists,7/20/2007,Unknown,3/20/2013,Nevada,USA
1089,Advanced Hearing and Balance Specialists,7/20/2007,Unknown,3/20/2013,Utah,USA
1090,Arizona Audiology & Hearing Inc.,9/17/2006,Unknown,8/17/2015,Arizona,USA
1091,"Audiology Associates of Salt Lake City, Inc.",9/16/2006,Unknown,11/27/2012,Utah,USA
1092,Arizona Hearing Specialists,9/21/2008,Unknown,10/7/2015,Arizona,USA
1093,Allen Hearing Clinic,2/27/2006,Unknown,9/27/2013,Texas,USA
1094,Texas ENT and Allergy,5/31/2008,Unknown,3/21/2011,Texas,USA
1095,Hearing Health Care Inc.,10/22/2007,Unknown,,Oklahoma,USA
1096,Dr. Lemay's Office,9/16/2006,Unknown,1/28/2014,Nevada,USA
1098,Micken Hearing,3/17/2009,Unknown,8/1/2010,Montana,USA
1099,"Moore Hearing, PC",7/13/2007,Unknown,3/10/2016,Montana,USA
1100,"Audiology, Inc.",1/12/2008,S-corp,,Arizona,USA
1101,"Affiliated Audiology Consultants, Inc.",4/26/2008,S-corp,,Arizona,USA
1102,Hear Joy,3/18/2009,Unknown,5/1/2009,Texas,USA
1103,Family Audiology & Hearing Services,3/18/2009,Unknown,4/1/2009,Utah,USA
1104,East Valley Hearing Center,9/16/2006,Unknown,3/15/2017,Arizona,USA
1105,Hearing Center of Sierra Vista,4/1/2015,LLC,,Arizona,USA
1106,"Hearing Rehabilitation Center, Inc.",1/16/2006,Unknown,9/1/2016,Colorado,USA
1107,Echo Hearing Center,5/17/2005,Unknown,2/10/2012,Colorado,USA
1108,Hearing Solution Centers,5/31/2008,Unknown,,Oklahoma,USA
1109,Red Rose Hearing Center,3/18/2009,Sole Proprietor,,Pennsylvania,USA
1110,Advanced Hearing Technologies,3/20/2008,C-corp,,Florida,USA
1111,"Audiologist & Associates, Hill Hear Better",3/18/2009,LLC,1/9/2015,Ohio,USA
1111,"Audiologist & Associates, Hill Hear Better",3/18/2009,LLC,1/9/2015,Indiana,USA
1112,"Hearing HealthCare, Inc.",3/13/2009,C-corp,,Maryland,USA
1113,Dr. Hecker & Associates,10/1/2005,C-corp,,Virginia,USA
1114,Worth Hearing Center,4/23/2009,S-corp,,New Mexico,USA
1115,Hearing Solutions Inc,5/18/2009,Unknown,5/31/2009,California,USA
1116,Lafayette Hearing Center,4/17/2009,S-corp,,Indiana,USA
1117,Park Avenue Acoustics,5/16/2009,Sole Proprietor,9/4/2013,New York,USA
1119,Roseburg Audiology Center,2/3/2009,S-corp,,Oregon,USA
1121,Micron Audiology,6/20/2009,Unknown,12/6/2017,Washington,USA
1124,Hearing Professional Center,5/27/2009,Unknown,,Texas,USA
1125,Pulse Clinic Edited,1/1/2000,Unknown,7/15/2016,Washington,USA
1125,Pulse Clinic Edited,1/1/2000,Unknown,7/15/2016,Kansas,USA
1125,Pulse Clinic Edited,1/1/2000,Unknown,7/15/2016,Michigan,USA
1125,Pulse Clinic Edited,1/1/2000,Unknown,7/15/2016,Oregon,USA
1125,Pulse Clinic Edited,1/1/2000,Unknown,7/15/2016,Alaska,USA
1125,Pulse Clinic Edited,1/1/2000,Unknown,7/15/2016,Arizona,USA
1127,Alvarez Audiology & Hearing,3/11/2009,Sole Proprietor,2/9/2017,Florida,USA
1128,Audiology Affiliates,6/5/2009,Unknown,,Massachusetts,USA
1131,Hearing Services of Iowa,6/20/2009,Sole Proprietor,2/28/2017,Iowa,USA
1132,Hearing Testing Center,6/20/2009,Unknown,6/1/2009,California,USA
1134,Better Sound Audiology,6/20/2009,S-corp,1/4/2012,California,USA
1136,Audiology & Hearing Aid Associates,6/20/2009,Sole Proprietor,10/18/2013,Arizona,USA
1137,Timpanogos Hearing & Balance,6/20/2009,Unknown,4/5/2016,Utah,USA
1139,Audiology Consultants of Panama City,6/20/2009,Unknown,6/1/2011,Florida,USA
1140,,7/14/2009,Unknown,7/31/2009,California,USA
1141,Audiology & Hearing Aids of the Palm Beaches,1/4/2010,LLC,,Florida,USA
1142,North Shore Audiovestibular Laboratory,7/6/2009,Unknown,7/31/2009,Illinois,USA
1143,Oberlin Hearing Care,7/9/2009,Unknown,,Ohio,USA
1144,HearFlorida/Miami Hearing Center,7/15/2009,C-corp,1/3/2011,Florida,USA
1145,Whittier Hearing Center,9/12/2009,C-corp,12/1/2016,California,USA
1146,"Carolina Hearing Services, Inc.",9/12/2009,S-corp,7/5/2017,South Carolina,USA
1147,Sarasota Hearing Center ,9/12/2009,S-corp,3/21/2011,Florida,USA
1148,Digital Hearing Healthcare,9/12/2009,Unknown,3/1/2018,Massachusetts,USA
1150,Advanced Hearing Care,9/12/2009,Unknown,,Oklahoma,USA
1151,Hearing Associates,9/12/2009,Unknown,9/18/2012,Illinois,USA
1152,Southside Hearing Center,9/12/2009,Unknown,,New York,USA
1153,"Harbor Hearing, P.A.",9/12/2009,Sole Proprietor,,Florida,USA
1154,Hearing Solutions INC,9/12/2009,Unknown,8/30/2012,Louisiana,USA
1155,,10/3/2009,Unknown,2/1/2015,New York,USA
1156,Doctors Hearing Care,9/12/2009,Sole Proprietor,,Indiana,USA
1157,,10/16/2009,Unknown,,Washington DC,USA
1158,Southwest Hearing SVC,11/23/2009,Unknown,5/10/2017,Colorado,USA
1159,Professional Hearing Management,11/21/2009,S-corp,,Indiana,USA
1160,Audiology Associates,11/21/2009,S-corp,,Alaska,USA
1161,HearWell Center,11/21/2009,Unknown,,Pennsylvania,USA
1163,Hearing Centers of PA,11/21/2009,S-corp,,Pennsylvania,USA
1164,Heritage Hearing Care,11/21/2009,Unknown,12/1/2011,Michigan,USA
1166,Hawkins Hearing Center,3/24/2016,Unknown,5/27/2016,Ohio,USA
1167,G B Audiology PLLC,11/21/2009,Unknown,,New York,USA
1168,Audiology Hears PC,11/21/2009,S-corp,,Georgia,USA
1169,Center for Better Hearing ,2/11/2010,Unknown,9/29/2011,New York,USA
1170,Bright Audiology & Speech,11/23/2009,C-corp,11/23/2009,North Carolina,USA
1171,Enhanced Auditory Resources,12/15/2009,Unknown,3/14/2012,Massachusetts,USA
1172,Spencer Audiology Clinic,12/4/2009,S-corp,,Washington,USA
1173,Family Audiology Associates,1/8/2010,Unknown,,Ohio,USA
1174,Doctors Hearing Clinic,12/4/2009,Unknown,1/1/2013,Alabama,USA
1175,Hearing Dynamics,12/5/2009,Unknown,8/1/2010,California,USA
1176,"Lifetime Hearing Clinic, Inc.",12/7/2009,Unknown,4/17/2014,Tennessee,USA
1177,Audiology Associates of Cleveland,11/21/2009,Unknown,12/8/2011,Ohio,USA
1179,Oberlin Hearing Care,7/9/2009,Unknown,6/1/2011,Ohio,USA
1180,Traci Wilkerson Audiology,1/23/2010,Unknown,11/5/2014,Oklahoma,USA
1181,Hearing Innovations - Neuro-Communication Services,1/23/2010,C-corp,6/8/2016,Ohio,USA
1182,Hawkins Hearing Center,11/1/2009,Unknown,6/10/2014,Ohio,USA
1184,Family Audiology Associates,11/1/2009,Unknown,6/1/2011,Ohio,USA
1189,Quincy Audiology,1/23/2010,Unknown,,Illinois,USA
1190,NEURO COMMUNICATIONS SVC,2/2/2010,Unknown,6/1/2011,Ohio,USA
1191,MOSS HEARING CTR,2/2/2010,Unknown,8/31/2012,Illinois,USA
1192,"Professional Hearing Services, Inc",2/2/2010,Unknown,,Indiana,USA
1193,Tri-State Audiology,1/23/2010,Unknown,3/20/2017,Arizona,USA
1194,Jacobs Clinical Diagnostics,3/2/2012,Unknown,9/17/2015,California,USA
1195,Tri-State Audiology,1/23/2010,Unknown,6/1/2011,Arizona,USA
1196,Comprehensive Hearing Services,2/20/2010,Unknown,,Montana,USA
1197,Athens Hearing Clinic,3/2/2010,Unknown,8/1/2010,Georgia,USA
1198,Fagan Center for Audiology,9/17/2006,Unknown,,Maine,USA
1199,Professional Hearing Center,2/22/2010,Unknown,10/6/2015,New Jersey,USA
1200,Hearing & Speech Associates,2/22/2010,Unknown,,Indiana,USA
1201,Family Hearing Ctr,2/22/2010,Unknown,12/8/2011,New York,USA
1202,"The Ear Guys, LLC.",3/1/2010,LLC,,California,USA
1203,Bieri Hearing Instruments,2/20/2010,Unknown,6/1/2011,Michigan,USA
1204,South Sound Audiology,4/8/2010,LLC,,Washington,USA
1205,"Staten Island Audiological Service, P.C.",5/4/2010,Unknown,,New York,USA
1206,Champlain Valley Audiology,5/1/2010,Unknown,,New York,USA
1207,S. Pollak Audiological PC,5/1/2010,Unknown,2/6/2012,New York,USA
1208,Affinity Hearing,5/1/2010,Unknown,8/24/2010,Minnesota,USA
1209,Precision Hearing,5/1/2010,C-corp,2/29/2012,California,USA
1210,Audiology Associates,5/1/2010,Unknown,11/7/2011,Missouri,USA
1211,Tarzana Audiology,5/1/2010,Unknown,3/21/2011,California,USA
1212,Hearing Solutions Group,5/1/2010,Unknown,10/31/2015,Minnesota,USA
1214,Audiology Associates of Holladay,3/16/2009,LLC,6/1/2018,Utah,USA
1215,Cape May County Hearing Aid Dispensary,5/24/2010,Unknown,8/1/2010,New Jersey,USA
1216,Manatee Hearing & Speech Center ,5/6/2010,Unknown,,Florida,USA
1217,Stanford Hearing & Hearing Aid  ,3/18/2009,Unknown,1/9/2013,South Dakota,USA
1218,Winter Haven Audiology,6/26/2010,Unknown,,Florida,USA
1219,NuTone Hearing Aid Center,6/26/2010,Unknown,,West Virginia,USA
1220,Hill Country Hearing,6/29/2010,LLC,,Texas,USA
1221,Hearing Wellness Center,6/26/2010,Unknown,8/24/2011,Michigan,USA
1222,Darr & Associates,6/26/2010,S-corp,8/8/2018,Indiana,USA
1222,Darr & Associates,6/26/2010,S-corp,8/8/2018,Michigan,USA
1223,Brooks Hearing & Speech Clinic,7/9/2010,LLC,,Texas,USA
1224,The Center for Healthy Hearing,7/9/2010,Unknown,10/27/2014,Texas,USA
1225,Coast Hearing Center,7/9/2010,Sole Proprietor,4/23/2014,California,USA
1227,Amdahl Hearing,6/26/2010,Unknown,12/31/2014,Minnesota,USA
1228,Audiology Associates of Westchester,9/22/2010,General Partnership,9/30/2015,New York,USA
1229,The Hearing Center of Glastonbury,9/11/2010,LLC,10/2/2017,Connecticut,USA
1230,East End Hearing,9/11/2010,Unknown,5/22/2015,New York,USA
1231,"The Hearing Clinic, Inc.",9/11/2010,Unknown,1/8/2016,North Carolina,USA
1232,Blue Ridge Hearing & Balance Clinic,9/11/2010,Unknown,1/13/2014,West Virginia,USA
1233,Wilmington Hearing Specialist,9/11/2010,Unknown,7/30/2012,North Carolina,USA
1234,"EarCare, P.A.",9/14/2010,Unknown,,Florida,USA
1235,Family Audiology PLLC,9/15/2010,LLC,7/5/2017,New York,USA
1236,"Audiology Consultants of Cortland, P.C.",9/16/2010,Unknown,11/9/2017,New York,USA
1237,Hearing Health Care,9/11/2010,Unknown,3/1/2018,South Carolina,USA
1238,West Virginia Hearing Centers,9/16/2010,Unknown,3/5/2012,West Virginia,USA
1239,Advanced Hearing Care,9/11/2010,S-corp,,New Mexico,USA
1240,Hearing Aid Counselors & Audiology,5/31/2008,Unknown,5/1/2016,Nevada,USA
1240,Hearing Aid Counselors & Audiology,5/31/2008,Unknown,5/1/2016,Idaho,USA
1241,"Family Hearing & Sensory-Neural Center-Huntsville, PLLC",9/11/2010,Unknown,,Texas,USA
1242,The Hearing Clinic,9/11/2010,LLC,,Texas,USA
1243,Audiology Associates of Hawaii,9/11/2010,Unknown,7/13/2011,Hawaii,USA
1244,Blount Hearing & Speech Services,9/11/2010,Unknown,1/13/2014,Tennessee,USA
1245,Audiology Services of Chattanooga,9/11/2010,Unknown,9/29/2011,Tennessee,USA
1246,Atlanta Hearing Associates,9/20/2010,Unknown,8/26/2011,Georgia,USA
1247,AUD Hearing,9/12/2010,Unknown,12/1/2010,Wisconsin,USA
1248,Hearing Health Care Inc.,9/11/2010,Unknown,5/8/2014,Missouri,USA
1249,"ENT Medical and Surgical Group, LLC  ",9/11/2010,Unknown,,Connecticut,USA
1250,Allegany Hearing & Balance,11/8/2010,Unknown,,Maryland,USA
1251,Wake Audiology & Hearing Aid Assoc. PLLC. ,11/20/2010,LLC,1/22/2014,North Carolina,USA
1252,Atalantic Audiology,11/20/2010,Unknown,1/12/2011,Massachusetts,USA
1253,"The Hearing Clinic, Inc.",11/20/2010,S-corp,,Virginia,USA
1255,The Hearing Professionals,11/20/2010,Unknown,9/5/2012,Wisconsin,USA
1256,Training Audiology Practice,1/19/2011,LLC,1/19/2011,Washington,USA
1257,Audiology & Hearing Center Cookeville/McMinnville,1/25/2011,Unknown,,Tennessee,USA
1258,Adirondack Audiology Associates,1/24/2011,Unknown,11/9/2014,New York,USA
1258,Adirondack Audiology Associates,1/24/2011,Unknown,11/9/2014,Vermont,USA
1259,Local Hearing Aid and Audiology,1/22/2011,Unknown,3/28/2011,Alabama,USA
1260,Horizon Hearing Services,1/22/2011,Sole Proprietor,,Missouri,USA
1261,Tustin Hearing Center,1/24/2011,S-corp,3/1/2018,California,USA
1262,Kenwood Hearing Center,2/4/2011,C-corp,10/4/2016,Ohio,USA
1263,Family Hearing and Speech,2/15/2011,C-corp,1/4/2012,California,USA
1264,Asheville Audiology Services,3/12/2011,LLC,10/14/2014,North Carolina,USA
1265,Hearing Services,3/12/2011,S-corp,8/14/2012,North Carolina,USA
1266,Professional Audiology Associates,3/12/2011,S-corp,2/27/2012,Florida,USA
1267,Oconee Audiology,3/12/2011,S-corp,7/18/2014,South Carolina,USA
1268,Audiology of the Sandhills,3/12/2011,S-corp,,North Carolina,USA
1269,Hearing Conservation Associates,3/12/2011,C-corp,5/1/2015,Tennessee,USA
1270,Delta Hearing Services,3/12/2011,Unknown,5/18/2011,Mississippi,USA
1271,Ormson Hearing Healthcare,12/11/2012,Sole Proprietor,10/16/2013,Texas,USA
1272,HearCare Hearing,5/14/2011,Unknown,2/8/2012,New York,USA
1273,Hearing Center of Plainview,5/14/2011,LLC,,New York,USA
1274,CT ENT Sinus & Allergy,5/14/2011,Unknown,7/17/2018,Connecticut,USA
1275,Ridgewood Hearing Center,5/13/2011,Unknown,2/2/2012,New Jersey,USA
1276,Center for Audiology Services,5/14/2011,Sole Proprietor,,Pennsylvania,USA
1277,Greer Audiology,5/14/2011,Unknown,8/4/2011,South Carolina,USA
1278,Enhanced Auditory Resources,5/19/2011,S-corp,3/14/2012,Massachusetts,USA
1279,Culpeper Hearing Center,5/14/2011,LLC,9/5/2012,Virginia,USA
1280,Audiology & Hearing Health,5/14/2011,Sole Proprietor,,Tennessee,USA
1281,Upper Valley Hearing and Balance Inc. ,5/14/2011,Unknown,4/1/2017,Ohio,USA
1282,Northern Audiology and Hearing,5/31/2011,Unknown,10/18/2012,Alaska,USA
1283,Sound Solutions Hearing and Balance Center,6/6/2011,S-corp,9/18/2012,California,USA
1284,the Hearing Center of Chestertown,6/14/2011,LLC,,Maryland,USA
1285,Central Plains ENT,6/11/2011,S-corp,3/26/2018,Nebraska,USA
1285,Central Plains ENT,6/11/2011,S-corp,3/26/2018,South Dakota,USA
1286,Hearing Services Center,6/11/2011,S-corp,,California,USA
1287,The Towers Audiology Center,6/11/2011,S-corp,4/7/2015,California,USA
1288,Hearing Partners of S. Florida,6/11/2011,S-corp,12/7/2014,Florida,USA
1289,Love Hearing Services,6/11/2011,S-corp,4/21/2015,California,USA
1290,East Texas Hearing Solutions,7/9/2011,C-corp,4/3/2012,Texas,USA
1291,Hackensack Audiology & Hearing Aid Associates,6/21/2011,LLC,,New Jersey,USA
1292,Island Audiology,6/21/2011,LLC,,Hawaii,USA
1293,South Bay Hearing,7/7/2011,S-corp,,California,USA
1294,South Bay Hearing & Balance,7/14/2011,S-corp,2/20/2014,California,USA
1295,Tom Metz Audiology,7/29/2011,Unknown,9/2/2011,California,USA
1296,Doctors of Hearing Healthcare,7/29/2011,S-corp,,Illinois,USA
1297,"The Audiology Center, Inc",7/29/2011,Unknown,1/9/2018,South Carolina,USA
1315,"Cityview Audiology & Hearing Aids, Inc.",9/17/2011,S-corp,,Texas,USA
1316,Gold Country Hearing Center,9/17/2011,S-corp,12/29/2014,California,USA
1317,Audiology and Hearing Center,9/17/2011,S-corp,,Missouri,USA
1318,McLean Audiology & Hearing Partners,9/17/2011,Sole Proprietor,8/30/2012,Texas,USA
1319,Alabama Hearing & Balance Associates,9/17/2011,S-corp,5/15/2018,Alabama,USA
1320,Birmingham Speech and Hearing,9/17/2011,LLC,3/13/2012,Alabama,USA
1321,Allied Hearing,9/19/2011,LLC,,Michigan,USA
1322,Northwest Kansas Hearing Svc,9/19/2011,Unknown,2/2/2012,Kansas,USA
1323,Advanced Hearing Healthcare,9/17/2011,S-corp,6/5/2012,Illinois,USA
1324,Hearing Health Associates,9/12/2011,S-corp,,Virginia,USA
1325,Professional Hearing Assoc Inc,9/5/2011,C-corp,1/19/2015,California,USA
1326,Fox Valley Hearing Center Inc,9/26/2011,C-corp,,Wisconsin,USA
1327,Steinwart Audiology and Speech,9/27/2011,Sole Proprietor,11/17/2016,Illinois,USA
1334,Caldwell & Cook Hearing Services,11/10/2011,S-corp,5/13/2015,Kentucky,USA
1335,Hearing Advantage Inc,3/17/2015,C-corp,,Washington,USA
1336,"Hunterdon Audiology Associates, LLC.",11/12/2011,LLC,,New Jersey,USA
1337,Auburn Audiology PC,11/12/2011,S-corp,10/14/2016,New York,USA
1338,Hearing Solutions Inc.,11/12/2011,S-corp,12/31/2016,Florida,USA
1339,"Clark Audiology, LLC",11/12/2011,LLC,4/27/2012,Ohio,USA
1340,,11/12/2011,Unknown,8/9/2012,Arizona,USA
1341,Advanced Hearing Care,11/12/2011,S-corp,,Indiana,USA
1342,HearingSolutions of the Pine Belt,1/1/2013,Unknown,1/4/2013,Mississippi,USA
1344,"Family Hearing Center of Marlton, LLC",12/9/2011,LLC,12/3/2014,New Jersey,USA
1345,Audiology Service Associates,12/21/2011,Unknown,7/31/2014,New York,USA
1411,Hear Virginia,1/21/2012,Unknown,,Virginia,USA
1412,Carolina Hearing Group,1/21/2012,S-corp,,North Carolina,USA
1413,Placer Speech & Hearing Services,1/21/2012,Unknown,4/18/2012,California,USA
1414,Hearing Services of Antioch,1/21/2012,S-corp,5/31/2018,California,USA
1415,Harper Hearing Services Co.,1/21/2012,Unknown,11/8/2016,Arizona,USA
1417,Hear Again 2/ Mountain Hearing Center,1/20/2012,Unknown,6/4/2014,California,USA
1418,Humboldt Audiology,1/21/2012,S-corp,,California,USA
1421,Center for Audiology,1/21/2012,C-corp,,Tennessee,USA
1433,Maze Hearing & Balance LLC,3/10/2012,Unknown,,Ohio,USA
1434,Walnut Creek Hearing Aid Center,4/4/2016,Unknown,5/31/2013,California,USA
1435,The Hearing and Tinnitus Center of Dallas-Fort Worth,3/10/2012,Unknown,,Texas,USA
1436,Advanced Hearing and Balance Center,3/10/2012,LLC,9/29/2014,Illinois,USA
1437,Jacobs Clinical Diagnostics,3/2/2012,Unknown,9/17/2015,California,USA
1438,,4/25/2012,Unknown,,Nebraska,USA
1439,Cookeville Audiology and Hearing Aids,4/6/2012,Unknown,7/1/2016,Tennessee,USA
1441,Audiology Consulting Services,4/14/2012,LLC,11/5/2013,Texas,USA
1442,"The Hearing Center, LLC",4/14/2012,S-corp,1/4/2013,Kentucky,USA
1443,Atlanta Hearing Doctor,4/12/2012,S-corp,,Georgia,USA
1444,"Audiology Services, LLC",4/16/2012,Unknown,,Maryland,USA
1445,Northwest Audiology and Balance,8/12/2013,LLC,11/30/2014,Washington,USA
1446,Prairieland Audiology LLC,4/14/2012,Unknown,,Illinois,USA
1447,Bonnie Rubin Audiology of Rye Ridge,4/19/2012,Unknown,,New York,USA
1448,"Parker Audiology, P.C.",4/24/2012,Unknown,,Iowa,USA
1449,Cooper Hearing Care,4/24/2012,Unknown,,Pennsylvania,USA
1450,Bluth Hearing Care,4/27/2012,Unknown,,California,USA
1451,"Eastside Audiology and Hearing Services, P.S.",5/5/2012,S-corp,5/1/2018,Washington,USA
1452,Trinity Hearing & Balance,5/5/2012,Unknown,,Florida,USA
1453,Nilsson Audiology & Hearing Aid Clinic,5/5/2012,LLC,,Washington,USA
1454,Eastern Oregon Audiology,5/5/2012,C-corp,12/31/2017,Oregon,USA
1455,Dobbins Hearing Service,5/5/2012,Unknown,3/2/2015,Arizona,USA
1456,Stockton Hearing and Speech Center,4/30/2012,Unknown,4/30/2012,California,USA
1457,Test Conversion Practice,6/22/2012,Unknown,,Oregon,USA
1458,,7/2/2012,Unknown,,Oregon,USA
1459,Center for Hearing,9/12/2012,Unknown,9/29/2014,Arkansas,USA
1460,Hearcare LLC,7/14/2012,Sole Proprietor,12/5/2013,Wisconsin,USA
1461,Highline Hearing Professionals,7/14/2012,S-corp,,Washington,USA
1462,Denton Hearing Health Care,7/14/2012,Unknown,8/21/2012,Texas,USA
1463,Burney Hearing Center,7/14/2012,S-corp,10/18/2012,California,USA
1464,The Monterey Hearing and Balance Center,7/14/2012,Unknown,10/5/2012,California,USA
1465,"Professional Speech and Hearing Specialists, Inc.",7/14/2012,Unknown,10/31/2017,Florida,USA
1466,New Jersey Hearing Health Center,7/14/2012,Unknown,,New Jersey,USA
1467,The Center for Hearing,1/1/2013,Unknown,1/4/2013,Florida,USA
1468,Audio Professional Hearing Centers,8/10/2012,Unknown,,Pennsylvania,USA
1469,Family Hearing Center,10/2/2012,Unknown,4/17/2013,Pennsylvania,USA
1470,"Harris Hearing Center, Inc.",9/29/2012,Unknown,2/25/2014,Arkansas,USA
1471,Blue Wave Hearing Centers,9/29/2012,S-corp,,Arkansas,USA
1472,Audiology Associates of Arlington,9/29/2012,S-corp,,Texas,USA
1473,Audiology Offices LLC,9/29/2012,Unknown,2/13/2015,Virginia,USA
1474,Hearing Health Services,9/29/2012,Unknown,6/25/2013,Washington,USA
1476,Robertson Hearing Clinic,10/2/2012,Unknown,5/23/2018,Washington,USA
1477,Audigy Test Lab,10/15/2012,Unknown,,Oregon,USA
1478,Loxahatchee,10/15/2012,Unknown,,Florida,USA
1478,Loxahatchee,10/15/2012,Unknown,,California,USA
1479,Audigy Group Test Lab,10/23/2012,Unknown,,Washington,USA
1480,"Dr.John S.Morrow, MD",11/17/2012,Unknown,10/16/2014,Florida,USA
1481,Fauquier Hearing Services PLLC,11/17/2012,S-corp,,Virginia,USA
1482,New York Hearing Doctors,11/17/2012,LLC,10/13/2016,New York,USA
1483,"AUDIO-LOGIC, PC",11/17/2012,S-corp,,Nebraska,USA
1484,Audiology & Hearing Aid Service,11/17/2012,Unknown,,Pennsylvania,USA
1485,LESNER HEARING CTR,11/17/2012,Unknown,2/4/2013,Virginia,USA
1486,Audiology Associates of Deerfield,11/17/2012,S-corp,,Illinois,USA
1494,Oliver Audiology & Hearing Aid Services,1/19/2013,Sole Proprietor,5/19/2017,California,USA
1495,Associated Hearing Inc,1/19/2013,Unknown,,Louisiana,USA
1496,Erie Audiology Inc,1/19/2013,S-corp,12/8/2014,Pennsylvania,USA
1497,Ears 2 Hear,2/20/2013,Unknown,8/28/2013,Florida,USA
1498,Gainesville Audiology,2/20/2013,Unknown,3/31/2016,Florida,USA
1499,Gulfcoast ENT Associates,2/21/2013,S-corp,6/9/2015,Florida,USA
1500,"Lake Mary Ear, Nose, Throat and Allergy",2/20/2013,Unknown,,Florida,USA
1501,"Treasure Coast ENT, LLC",2/23/2013,Unknown,,Florida,USA
1502,Heartland Otolaryngology - H&N Surgery,2/20/2013,Unknown,4/22/2016,Florida,USA
1503,Arizona Hearing Center,3/15/2013,Unknown,,Arizona,USA
1506,Hearing Solutions,4/26/2013,Unknown,,Alabama,USA
1508,Central Illinois Hearing,4/26/2013,Unknown,,Illinois,USA
1509,Jorgensen Hearing Center,4/22/2013,Unknown,,Iowa,USA
1510,The Hearing Doctor,5/24/2013,Unknown,5/24/2018,Texas,USA
1511,Cascade Audiology & Hearing Aid Center,6/8/2013,C-corp,,Washington,USA
1512,Virginia Hearing Group,6/8/2013,Unknown,,Virginia,USA
1516,Test Company ABC,7/21/2013,Unknown,,Oregon,USA
1517,,7/24/2013,Unknown,,Oregon,USA
1519,Shelby Hearing & Balance,7/20/2013,Unknown,1/29/2014,North Carolina,USA
1520,Florida Gulf Coast ENT,7/20/2013,Unknown,7/8/2014,Florida,USA
1521,Liberty Hearing Centers,8/12/2013,Unknown,,New York,USA
1522,Columbia ENT,8/21/2013,Unknown,1/12/2018,Tennessee,USA
1523,Clarity Hearing Clinics,8/22/2013,Unknown,6/20/2014,Nebraska,USA
1526,Doctor's Hearing Institute,9/19/2013,Unknown,5/2/2014,California,USA
1527,ENTiCare,9/20/2013,Unknown,4/13/2015,Arizona,USA
1528,"Hearing Care of Palatine, Inc.",9/21/2013,Unknown,,Illinois,USA
1529,Conejo Hearing Center,9/21/2013,Unknown,7/9/2014,California,USA
1530,Physicians Hearing Svc,11/23/2013,Unknown,,Indiana,USA
1531,Ear Medical Group,12/13/2013,Unknown,,Texas,USA
1533,,12/18/2013,Unknown,,Washington,USA
1534,Oregon Hearing Rehab Center,12/27/2013,Unknown,10/14/2016,Oregon,USA
1534,Oregon Hearing Rehab Center,12/27/2013,Unknown,10/14/2016,Washington,USA
1534,Oregon Hearing Rehab Center,12/27/2013,Unknown,10/14/2016,Colorado,USA
1535,Geneva Hearing Services,2/1/2014,S-corp,,Illinois,USA
1536,Thigpen Hearing Center,2/1/2014,LLC,,Tennessee,USA
1537,Hearing Technology Associates LLC,2/1/2014,LLC,,Pennsylvania,USA
1538,Wyoming Hearing Clinic,2/1/2014,Unknown,8/23/2016,Wyoming,USA
1539,Diles Hearing Center,2/1/2014,Unknown,7/27/2015,Ohio,USA
1540,NewSound Solutions,2/1/2014,Unknown,,Texas,USA
1541,Washington ENT,2/12/2014,Unknown,10/2/2017,Pennsylvania,USA
1545,Spokane Audiology Clinic,4/1/2014,S-corp,,Washington,USA
1546,"Hearing Health Care of Louisiana, Inc.",4/7/2014,Unknown,,Louisiana,USA
1547,The Hearing Doctor,4/25/2014,Unknown,,Indiana,USA
1549,Hearing Center of Leesburg,8/1/2016,LLC,2/3/2017,Florida,USA
1550,Clear Lake ENTPA,5/29/2014,Unknown,6/5/2017,Texas,USA
1551,Berks Hearing Professionals,5/29/2018,Unknown,,Pennsylvania,USA
1553,Pacific Coast ENT,7/1/2014,Unknown,,California,USA
1554,Mountain Home ENT & Allergy,7/15/2014,Unknown,,Arkansas,USA
1555,Integrity Hearing Svc PS,7/28/2014,Unknown,,Washington,USA
1556,Texas ENT Center,7/25/2014,Unknown,8/5/2015,Texas,USA
1557,Olympic Hearing Center,7/25/2014,Unknown,10/7/2014,Washington,USA
1559,Thrive Hearing & Tinnitus Solutions,9/3/2014,Unknown,10/25/2016,Tennessee,USA
1562,Hearing Center of Sugar Land,6/1/2014,Unknown,2/3/2017,Texas,USA
1563,,10/20/2015,Unknown,,Washington,USA
1564,Hill Country ENT,9/23/2014,Unknown,,Texas,USA
1565,Bloomington Normal Audiology,10/1/2014,Unknown,,Illinois,USA
1567,"ENT Clinics of San Antonio, P.A.",10/9/2014,Unknown,,Texas,USA
1569,Abingdon Falls Plaza Hearing,11/21/2014,Unknown,,Virginia,USA
1570,Hearing Rehab Center - Seattle,12/1/2014,Unknown,10/14/2016,Washington,USA
1571,Amdahl Hearing,1/1/2015,S-corp,,Wisconsin,USA
1571,Amdahl Hearing,1/1/2015,S-corp,,Minnesota,USA
1572,HearLife of MN,1/1/2015,Unknown,5/15/2016,Minnesota,USA
1573,"Tri County ENT, P.C.",1/4/2015,Unknown,10/27/2015,Pennsylvania,USA
1574,"Associates in Hearing, LLC",1/13/2015,Unknown,,Louisiana,USA
1575,ENT Centers of Texas,1/19/2015,Unknown,8/8/2016,Texas,USA
1576,"Erik Sloman-Moll, MD",1/16/2015,Unknown,1/30/2017,Texas,USA
1577,"Olsen Hearing Service, inc",2/12/2015,Unknown,11/4/2016,Ohio,USA
1578,Pacific Coast Hearing Care,11/3/2014,Unknown,,California,USA
1579,HearLife of Minnesota - Robbinsdale,2/27/2015,Unknown,5/15/2016,Minnesota,USA
1580,Hearing Connection,2/24/2015,Unknown,,Montana,USA
1581,House of Hearing,3/13/2015,Unknown,8/8/2016,Utah,USA
1582,Hearing Services,4/15/2015,LLC,,California,USA
1583,"Northwest ENT & Allergy, P.C.",4/18/2015,Unknown,,Oregon,USA
1585,Cincinnati Hearing & Tinnitus (CHAT),4/24/2015,Unknown,11/15/2016,Ohio,USA
1586,The Audiology Center of Snellville,4/28/2015,Unknown,,Georgia,USA
1587,Gulf Coast Facial Plastics & ENT Center,5/12/2015,Unknown,6/1/2018,Florida,USA
1588,"CENTA Medical Group, P.A. & CENTA Hearing Center",5/13/2015,Unknown,11/1/2017,South Carolina,USA
1589,"Advocare ENT Medical Associates, LLC",6/11/2015,Unknown,,New Jersey,USA
1590,ENT Memphis/ Hearing Care,6/11/2015,Unknown,7/30/2015,Tennessee,USA
1593,ENT of Springfield,6/12/2015,Unknown,,Ohio,USA
1594,Carolina ENT & Carolina Hearing Center,6/17/2015,Unknown,10/2/2015,South Carolina,USA
1595,"American Hearing & Audiology, LLC",7/30/2015,Unknown,5/24/2016,Kansas,USA
1595,"American Hearing & Audiology, LLC",7/30/2015,Unknown,5/24/2016,Missouri,USA
1598,Michigan ENT & Allergy ,9/11/2015,Unknown,,Michigan,USA
1600,Atlantic Audiology LLC,9/15/2015,LLC,3/17/2016,Florida,USA
1601,Hearing Center of Columbia,2/2/2016,Unknown,9/7/2016,Tennessee,USA
1602,"Autumn Oak Speech, Voice and Hearing, PLLC",9/11/2015,Unknown,,Texas,USA
1603,"ENT Associates of Alabama, P.A.",10/6/2015,Unknown,7/6/2016,Alabama,USA
1604,"Abundant Life Hearing Health & More, Inc.",10/24/2015,Unknown,8/10/2018,Wisconsin,USA
1606,Noble House Clinic,11/3/2015,Unknown,,Pennsylvania,USA
1607,ABC Hearing Net,1/11/2016,Unknown,,Pennsylvania,USA
1608,Northern New Mexico Hearing and Balance Institute,11/25/2015,Unknown,,New Mexico,USA
1609,Ear Consultants of Georgia,11/25/2015,Unknown,,Georgia,USA
1610,Andros ENT & Sleep Center,1/12/2016,Unknown,,Minnesota,USA
1611,Hearing Health Care,2/2/2016,Unknown,,California,USA
1612,ENT of Yuma,2/5/2016,Unknown,3/1/2017,Arizona,USA
1614,Audigy Corporate Audiology,4/1/2016,Unknown,,Washington,USA
1615,"Keystone Audiology, LLC",4/6/2016,Unknown,,Rhode Island,USA
1616,"AIM Hearing and Audiology Services, P.C.",4/6/2016,Unknown,,North Carolina,USA
1617,"Medical Hearing Systems of Oklahoma, LLC",4/6/2016,Unknown,9/1/2017,Oklahoma,USA
1618,St. Pete ENT & Allergy,4/11/2016,Unknown,,Florida,USA
1620,Otolaryngology and Facial Plastic Surgery Associates,4/14/2016,Unknown,,Texas,USA
1621,San Rafael Hearing,4/18/2016,Unknown,2/2/2017,Arizona,USA
1622,Medical University of South Carolina (MUSC),4/18/2016,Unknown,10/1/2017,South Carolina,USA
1623,"The ENT Group, LLC | The Hearing Lab",4/18/2016,Unknown,,Indiana,USA
1624,"Rocky Mountain Ear Center, P.C.",4/29/2016,Unknown,,Colorado,USA
1625,Albrecht Audiological Services,5/23/2016,Unknown,,Pennsylvania,USA
1626,Sounds Good Hearing Aids,5/23/2016,Unknown,12/31/2017,Illinois,USA
1627,The Center for ENT,5/23/2016,Unknown,10/19/2016,Texas,USA
1628,ENT Specialists of Nashville,5/24/2016,Unknown,,Tennessee,USA
1629,Advanced ENT,5/25/2016,Unknown,,Wisconsin,USA
1630,"The Hearing Place, LLC",6/8/2016,Unknown,10/5/2016,Pennsylvania,USA
1631,Advanced Hearing Aid Center,6/13/2016,Unknown,,California,USA
1632,Professional Hearing Center,6/24/2016,Unknown,,New Jersey,USA
1633,Eastpoint Audiology,3/4/2016,LLC,,Kentucky,USA
1634,Best Hearing San Diego,3/30/2016,Sole Proprietor,,California,USA
1635,California Ear Institute,6/27/2016,Unknown,,California,USA
1636,NOVA Southeastern University,6/23/2016,Unknown,5/2/2017,Florida,USA
1637,New York Speech & Hearing,6/28/2016,Unknown,,New York,USA
1638,Mountain-Ear Hearing Associates,6/28/2016,Unknown,10/20/2017,North Carolina,USA
1640,DeFatta ENT & Facial Plastic Surgery,6/30/2016,Unknown,6/27/2018,Wisconsin,USA
1641,The Hearing Care Clinic,7/18/2016,Unknown,,Illinois,USA
1642,Quincy Hearing Aid,8/4/2016,Unknown,,Massachusetts,USA
1643,Indiana Ear,8/4/2016,Unknown,3/14/2018,Indiana,USA
1644,Rancho Santa Fe Audiology,8/18/2016,Unknown,1/13/2017,California,USA
1645,Dr. Janie P. Barnett Audiology,8/25/2016,Unknown,,New York,USA
1647,"Beaver Dam Hearing Care, LLC",9/2/2016,LLC,,Wisconsin,USA
1648,Louisiana Tech University,9/12/2016,Unknown,,Louisiana,USA
1649,"Valley Hearing Center, Inc.",9/27/2016,Unknown,5/10/2018,West Virginia,USA
1650,Kennett Hearing Aid Center,9/27/2016,Unknown,,Missouri,USA
1651,"Signature Hearing and Balance, PLLC",9/27/2016,Unknown,4/14/2017,Texas,USA
1652,ENT & Allergy Center,10/5/2016,Unknown,,Oklahoma,USA
1653,Colorado Hearing & Balance Clinic,10/5/2016,Unknown,10/23/2017,Colorado,USA
1654,Advanced AuDiology,10/10/2016,Unknown,,Florida,USA
1655,Denver Ear Associates,10/14/2016,Unknown,,Colorado,USA
1656,Kabel Hearing,10/10/2016,Unknown,12/30/2016,Alabama,USA
1657,Marion Downs Center,10/28/2016,Unknown,,Colorado,USA
1658,Cranberry Hearing & Balance,11/8/2016,Unknown,,Virginia,USA
1658,Cranberry Hearing & Balance,11/8/2016,Unknown,,Pennsylvania,USA
1660,Nobile Hearing Aid Center,11/10/2016,Unknown,11/22/2016,Florida,USA
1661,"Midwest ENT Specialties, Ltd",11/18/2016,Unknown,4/6/2018,Illinois,USA
1662,Advanced Hearing Plus,11/10/2016,Unknown,,Oregon,USA
1663,Central Florida Audiology,8/1/2016,LLC,,Florida,USA
1664,"ENT of Denver, PC",12/6/2016,Unknown,,Colorado,USA
1665,"Emerald Coast Audiology, P.A.",1/3/2017,Unknown,,Florida,USA
1666,Hearing Center of Portland,12/22/2016,LLC,,Oregon,USA
1667,Northwest Ear Institute PC,1/5/2017,Unknown,,Oregon,USA
1668,Hearing and Balance Specialists of Kansas City,1/12/2017,Unknown,,Missouri,USA
1669,Complete Hearing Centers,1/23/2017,Unknown,,Texas,USA
1670,Houston Eye Associates Hearing Center,2/1/2017,Unknown,,Texas,USA
1672,Center For Better Hearing,2/7/2017,Unknown,,Colorado,USA
1673,Family Hearing Center,2/28/2017,Unknown,,Pennsylvania,USA
1674,Baker ENT,3/31/2017,Unknown,,Idaho,USA
1675,Bozeman Health ENT,1/3/2017,Unknown,,Montana,USA
1676,Community Audiology LLC,3/7/2017,LLC,,Maryland,USA
1677,"Cedar Valley Medical Specialists, P.C.",3/13/2017,Unknown,,Iowa,USA
1678,Hearing Aid Center of the Treasure Coast,1/9/2017,Unknown,,Florida,USA
1679,CornerStone ENT,3/21/2017,Unknown,,North Carolina,USA
1680,SoundSource,3/27/2017,Unknown,,Oregon,USA
1681,"Prairie SEA Hearing Center, LLC",4/12/2017,LLC,,North Dakota,USA
1682,Chattanooga's Healthy Hearing,4/14/2017,Unknown,,Tennessee,USA
1683,"Central Oregon ENT, LLC",4/18/2017,Unknown,,Oregon,USA
1684,Gift of Sound Cochlear & Hearing Clinic,4/17/2017,Unknown,,Oklahoma,USA
1685,"Heard it Through the Grapevine Audiology, PC.",4/24/2017,Unknown,,Texas,USA
1687,"I Love Hearing, Inc.",4/27/2017,Unknown,,New York,USA
1689,"Eye Consultants Hearing Aid Center, LLC",5/4/2017,LLC,,Georgia,USA
1690,Hearing Center of Columbia,5/11/2017,Unknown,,Tennessee,USA
1691,Vision Institute of Michigan,5/12/2017,Unknown,,Michigan,USA
1692,"Harmony Center for Surgery of the Ear, Nose and Throat",5/15/2017,Unknown,,Michigan,USA
1693,"Audiology Consulting & Hearing Services, Inc.",5/22/2017,Unknown,,Georgia,USA
1694,King Audiology LLC,5/23/2017,LLC,,Tennessee,USA
1695,Ohio Head and Neck Surgeons,5/26/2017,Unknown,,Ohio,USA
1696,Hudson Hearing Clinic,5/20/2017,Unknown,,Wisconsin,USA
1698,"Southern Coast Audiology, Inc.",6/6/2017,Unknown,,North Carolina,USA
1699,"Sound Health Services, PC",8/2/2017,Unknown,,Missouri,USA
1699,"Sound Health Services, PC",8/2/2017,Unknown,,Illinois,USA
1700,SIU Center for Hearing and Balance,6/14/2017,Unknown,,Illinois,USA
1701,"Palmetto Ear, Nose & Throat PA",6/28/2017,Unknown,,South Carolina,USA
1702,"Midwest ENT Associates, P.C.",7/10/2017,C-corp,,South Dakota,USA
1703,Kubick and Kubick Inc.,7/25/2017,Unknown,,New Jersey,USA
1704,Baptist ENT Specialists,7/27/2017,Unknown,,Florida,USA
1705,Modern Nose Clinic,8/9/2017,Unknown,,Oregon,USA
1706,Kalady Audiology,7/28/2017,Unknown,,South Carolina,USA
1707,"Speech-Language & Hearing Associates of Greater Boston, PC",8/9/2017,Unknown,,Massachusetts,USA
1708,The Emory Clinic,9/1/2017,Unknown,,Georgia,USA
1709,"Professional Hearing Healthcare Associates, Inc.",9/22/2017,Unknown,,Massachusetts,USA
1711,1960 Family Practice,10/19/2017,Unknown,,Texas,USA
1712,Mid Island Tri-State Audiology,10/19/2017,Unknown,12/31/2017,New York,USA
1713,WNC Hearing and Audiology,11/3/2017,Unknown,,North Carolina,USA
1714,Johnson Audiology,11/7/2017,Unknown,11/20/2017,New Hampshire,USA
1715,"Alabama ENT Specialists, LLC",11/21/2017,Unknown,,Alabama,USA
1716,Audiology Associates & Hearing Aids Today,11/27/2017,Unknown,,Tennessee,USA
1717,Michigan Ear Institute,12/1/2017,Unknown,,Michigan,USA
1718,"The Centers For Advanced ENT Care, LLC North Bay ENT and Audiology Division",12/4/2017,Unknown,,Maryland,USA
1719,ENT Associates of Manatee P.A.,12/14/2017,Unknown,,Florida,USA
1720,Primary Audiology,12/19/2017,S-corp,,New York,USA
1721,"ENT Associates of N.Y., P.C.",12/22/2017,Unknown,,New York,USA
1722,"Total Hearing Care, LLC",12/20/2017,Unknown,,New York,USA
1723,"Willamette Falls Audiology, Inc.",12/20/2017,Unknown,,Oregon,USA
1724,University of Miami,1/26/2018,Unknown,,Florida,USA
1725,New England Hearing Care LLC,3/1/2018,LLC,,Massachusetts,USA
1726,Hearing Center of Vancouver,4/1/2018,LLC,,Washington,USA
1727,Carlyle Hearing Center,2/9/2018,Unknown,,Illinois,USA
1728,"ENT Surgical Clinic of South Central Mississippi, P.A.",2/19/2018,Unknown,,Mississippi,USA
1731,Burgess Hearing Aids,4/16/2018,Unknown,,Arizona,USA
1733,Audiology of Central Texas,4/24/2018,Unknown,,Texas,USA
1734,CSG Better Hearing Center,4/26/2018,S-corp,,California,USA
1735,ENT Associates of Central PA,4/26/2018,Unknown,,Pennsylvania,USA
1736,Hearall Hearing Center,5/22/2018,Unknown,,Ohio,USA
1737,"Woodward Audiology, LLC",5/22/2018,Unknown,,Missouri,USA
1739,"Thomas W. Stark, M.D., PLLC",5/30/2018,Unknown,,Texas,USA
1740,"Longhorn Hearing, PLLC",6/4/2018,Unknown,,Texas,USA
1741,Adult & Pediatric ENT,6/6/2018,Unknown,,Michigan,USA
1742,Baton Rouge ENT Associates,6/11/2018,Unknown,,Louisiana,USA
1743,Lagniappe Hearing,6/12/2018,Unknown,,Louisiana,USA
1744,"Southwest ENT Consultants, PA",6/19/2018,Unknown,,Texas,USA
1745,Agility Hearing,7/2/2018,S-corp,,California,USA
1746,Cumberland Hearing Aid Center,7/3/2018,Unknown,8/31/2018,Tennessee,USA
1747,Prairie Sinus Ear & Allergy,4/12/2017,Unknown,,North Dakota,USA
1748,Michigan - Wisconsin Speech and Hearing Services,7/16/2018,Unknown,,Michigan,USA
1749,"Medical Management of Ocala, Inc",7/16/2018,Unknown,,Florida,USA
1750,"Hometown Hearing & Audiology, LLC",7/30/2018,Unknown,,Indiana,USA
1752,"Advanced Audiology, Inc. ",8/2/2018,Unknown,,Indiana,USA
1753,GN Audiology,8/2/2018,Unknown,,New York,USA
1754,Apex ENT Center,8/7/2018,Unknown,,Illinois,USA
1755,Chevy Chase ENT,8/9/2018,Unknown,,Maryland,USA
1756,Queens Village Primary Medical Care,8/15/2018,Unknown,,New York,USA
1757,Atlanta Institute for ENT PC,8/19/2018,Unknown,,Georgia,USA
